id,source_file,symbol,trigger,method,endpoint,host,payload,headers,auth,automatic,user_initiated,configurable,disable,sensitive_potential,evidence_id,type,confidence
1,packages/services/src/telemetry/telemetryCore.ts,reportEvent->sendReport,app launch / daily active / session / agent events,POST,ZCODE_TELEMETRY_REPORT_ENDPOINT (env),ENV-RESOLVED,event_id timezone language element_name event_region event_type event_text event_extra_detail(sanitized) user_id screen_resolution app_version os device_mid mac_id="" marketing_params talk_id message_id,buildZCodeSourceHeaders,user_id (account),true,false,env endpoint,unset endpoint=>no report,none (text redacted),EVID-TELEMETRY-001,B,C
2,packages/desktop/src/main/appARMSBootstrap.ts,startArmsRum->armsRum.init,app start,POST,ZCODE_ARMS_RUM_ENDPOINT (env),ENV-RESOLVED,RUM/perf/webvitals/jsError/consoleError/crash/api/rpc(longTask summaries) redacted,SDK,device via user.name,true,false,env endpoint,unset env => SDK not init,none (redacted),EVID-TELEMETRY-002,B,C
3,packages/services/src/feedback/feedbackHttpClient.ts,FeedbackHttpClient.uploadFile,user feedback attach,POST,/feedback/attachment/upload-credential,ZAI baseUrl,ticket_id message_id file_name size,JSON,yes (session),false,true,none,skip API,file metadata,EVID-ATTACHMENT-002,D,C
4,packages/services/src/feedback/feedbackHttpClient.ts,uploadOssForm,credential issued,POST,credential.oss.host,server OSS bucket,multipart file + x-oss-* fields,multipart,OSS short-lived signature,false,true,none,abort supported,attachment bytes,EVID-ATTACHMENT-002,D,C
5,packages/services/src/providers/api/nodeApiClient.ts,NodeApiClient,agent inference,REST (varies),https://zcode.z.ai/api/v1 (default; ZCODE_BASE_URL overrides),zcode.z.ai (default),conversation/tool context,source headers + auth,yes (account),true,false,ZCODE_BASE_URL env,model off / account off / self-hosted baseURL,legit inference context (see Q25),EVID-TELEMETRY-007,A,C
6,packages/provider-node/src/zcode-builtin-download.ts,downloadBuiltin,provider config,GET,/api/v1/client/configs,ENV-RESOLVED,none,auth,true,true,false,yes,unset,none,EVID-TELEMETRY-007,A,factory-config,C
7,packages/services/src/session/offPeakServerClient.ts,OffPeak client,background model task,PATCH /api/v1/off-peak/*,ENV-RESOLVED,task payload,auth,true,true,false,yes,unset,session data,A,C
8,packages/services/src/oauth/providers/zaiProviderAdapter.ts,OAuth adapter,user login,GET/POST,/api/oauth/authorize,/api/v1/oauth/token,chat.z.ai,OAuth exchange,OAuth,true,false,true,yes,logout,auth tokens,EVID-TELEMETRY-004,E,C
9,packages/services/src/providers/zaiBusinessTokenResolver.ts,ZaiBusinessTokenResolver,token resolution,POST,configured login URL,ENV-RESOLVED,credentials,none,refresh token,true,false,yes,logout,auth,EVID-TELEMETRY-007,E,C
10,packages/web/src/share/conversationSharePreviewClient.ts,preview client,open share link,GET,{baseUrl}/shares/{code}/preview,configured,none,JSON,public/none,true,false,auto-on-load,none,shared conversation preview,F,C
11,packages/services/src/node.ts,Server MCP usage,start server runtime,GET,/api/v1/mcp/usage,ENV-RESOLVED,quota,identity headers,yes,true,false,none,unset,auth/identity,EVID-TELEMETRY-007,A/remote,C
12,packages/zcode-server-cli/src/server-core/http.ts,local server,running server,GET/POST,localhost routes,localhost,local,none,none,none,none,none,none,none,local only,EVID-SESSION-001,F,C
13,packages/desktop/src/main/desktopRuntimeEnv.ts,remote asset CDN,asset loading,GET,ZCODE_REMOTE_ASSET_CDN_BASE_URL,ENV-RESOLVED,static assets,none,none,true,false,env,none,none,F,C